id,title,year,rating,genres,tags
1,Inception,2010,8.8,Sci-Fi|Action|Thriller,dream heist mind subconscious reality
2,Interstellar,2014,8.7,Sci-Fi|Drama|Adventure,space time wormhole father survival
3,The Dark Knight,2008,9.0,Action|Crime|Drama,batman joker gotham vigilante
4,The Matrix,1999,8.7,Sci-Fi|Action,simulation hacker reality AI rebellion
5,Titanic,1997,7.9,Romance|Drama,ship love tragedy ocean
6,The Notebook,2004,7.8,Romance|Drama,love memory letters couple
7,3 Idiots,2009,8.4,Comedy|Drama,college friends engineering education
8,Dangal,2016,8.3,Drama|Sports|Biography,wrestling father daughters medals
9,Zindagi Na Milegi Dobara,2011,8.2,Comedy|Drama|Adventure,friends road trip spain life
10,Dil Chahta Hai,2001,8.1,Comedy|Drama|Romance,friends goa love youth
11,Avengers: Endgame,2019,8.4,Action|Sci-Fi|Adventure,superheroes time travel marvel
12,Iron Man,2008,7.9,Action|Sci-Fi,tony stark suit technology marvel
13,Spider-Man: No Way Home,2021,8.2,Action|Adventure|Sci-Fi,spiderman multiverse marvel villains
14,Joker,2019,8.4,Crime|Drama|Thriller,joker gotham mental society
15,Shutter Island,2010,8.2,Thriller|Mystery,asylum detective twist mind
16,Gone Girl,2014,8.1,Thriller|Mystery|Drama,missing wife marriage twist
17,Se7en,1995,8.6,Crime|Thriller|Mystery,detective serial killer sins
18,The Conjuring,2013,7.5,Horror|Mystery,ghost haunted house paranormal
19,Insidious,2010,6.8,Horror|Thriller,ghost astral demon family
20,Hera Pheri,2000,8.2,Comedy|Crime,money confusion friends funny
21,Andhadhun,2018,8.2,Thriller|Comedy|Crime,blind pianist murder twist
22,Drishyam,2015,8.2,Thriller|Crime|Drama,family police secret murder
23,Toy Story,1995,8.3,Animation|Comedy|Adventure,toys friendship kids pixar
24,Finding Nemo,2003,8.2,Animation|Adventure|Comedy,fish ocean father search pixar
25,The Lion King,1994,8.5,Animation|Drama|Adventure,lion king family jungle revenge
26,Gladiator,2000,8.5,Action|Drama|Adventure,rome arena revenge warrior
27,Forrest Gump,1994,8.8,Drama|Romance|Comedy,life love history simple
28,The Shawshank Redemption,1994,9.3,Drama|Crime,prison friendship hope escape
29,Fight Club,1999,8.8,Drama|Thriller,underground society identity twist
30,Mission: Impossible - Fallout,2018,7.7,Action|Thriller|Adventure,spy agent mission stunts
31,Baahubali: The Beginning,2015,8.0,Action|Drama|Adventure,kingdom warrior revenge epic
32,KGF Chapter 1,2018,8.2,Action|Crime|Drama,gold mafia rise power
33,Chhichhore,2019,8.3,Comedy|Drama,college friends failure hostel
34,Barfi!,2012,8.1,Comedy|Drama|Romance,love deaf mute innocence
35,Tumbbad,2018,8.2,Horror|Fantasy|Drama,greed folklore curse treasure
36,The Godfather,1972,9.2,Crime|Drama,mafia family power loyalty
37,Pulp Fiction,1994,8.9,Crime|Drama|Thriller,hitmen gangster violence stories
38,Goodfellas,1990,8.7,Crime|Drama|Biography,mafia rise gangster loyalty
39,The Departed,2006,8.5,Crime|Thriller|Drama,undercover police mafia traitor
40,Scarface,1983,8.3,Crime|Drama,drug lord power rise empire
41,Avatar,2009,7.9,Sci-Fi|Adventure|Action,alien planet nature war
42,Jurassic Park,1993,8.2,Sci-Fi|Adventure|Thriller,dinosaurs island park survival
43,Star Wars: A New Hope,1977,8.6,Sci-Fi|Adventure|Action,empire rebels force galaxy
44,Blade Runner 2049,2017,8.0,Sci-Fi|Drama|Mystery,replicant future detective AI
45,The Martian,2015,8.0,Sci-Fi|Adventure|Drama,mars astronaut survival science
46,Gravity,2013,7.7,Sci-Fi|Thriller|Drama,space astronaut survival debris
47,Edge of Tomorrow,2014,7.9,Sci-Fi|Action,time loop aliens soldier
48,Back to the Future,1985,8.5,Sci-Fi|Comedy|Adventure,time travel teenager car
49,Terminator 2,1991,8.6,Sci-Fi|Action,robot future war machine
50,Ex Machina,2014,7.7,Sci-Fi|Thriller|Drama,AI robot test isolation
51,PK,2014,8.1,Comedy|Drama|Sci-Fi,alien religion questions india
52,Koi Mil Gaya,2003,7.1,Sci-Fi|Drama|Family,alien friendship boy magic
53,Krrish,2006,6.4,Sci-Fi|Action|Adventure,superhero india circus power
54,Robot,2010,7.1,Sci-Fi|Action|Romance,robot scientist love chitti
55,Lagaan,2001,8.1,Drama|Sports|Musical,cricket village british tax
56,Chak De India,2007,8.2,Drama|Sports,hockey women team coach
57,MS Dhoni: The Untold Story,2016,7.7,Biography|Drama|Sports,cricket captain journey ranchi
58,Bhaag Milkha Bhaag,2013,8.2,Biography|Drama|Sports,runner partition struggle olympics
59,Mary Kom,2014,6.9,Biography|Drama|Sports,boxing mother champion struggle
60,Rocky,1976,8.1,Drama|Sports,boxing underdog fight dream
61,Creed,2015,7.6,Drama|Sports,boxing legacy training underdog
62,Moneyball,2011,7.6,Drama|Sports|Biography,baseball data statistics team
63,Rang De Basanti,2006,8.1,Drama|History,youth freedom patriot protest
64,Swades,2004,8.2,Drama,village NRI development electricity
65,Taare Zameen Par,2007,8.3,Drama|Family,dyslexia child teacher school
66,Queen,2013,8.1,Comedy|Drama|Adventure,honeymoon solo trip confidence
67,Gully Boy,2019,7.9,Drama|Music|Musical,rapper mumbai slum dream
68,Rockstar,2011,7.7,Drama|Music|Romance,singer heartbreak love fame
69,Jab We Met,2007,7.9,Romance|Comedy|Drama,train love journey punjab
70,Kabir Singh,2019,7.1,Romance|Drama,doctor anger love breakup
71,Dilwale Dulhania Le Jayenge,1995,8.1,Romance|Drama|Comedy,love europe family wedding
72,Kabhi Khushi Kabhie Gham,2001,7.4,Drama|Family|Romance,family love sacrifice wealthy
73,Sholay,1975,8.1,Action|Adventure|Comedy,friends bandit village revenge
74,Lagey Raho Munna Bhai,2006,8.1,Comedy|Drama,gandhi gangster honesty funny
75,Hera Pheri 2 Phir Hera Pheri,2006,7.3,Comedy|Crime,money confusion friends funny
76,Golmaal,2006,7.1,Comedy|Mystery,friends ghost funny house
77,Housefull,2010,5.4,Comedy|Romance,confusion love funny island
78,The Hangover,2009,7.7,Comedy,wedding vegas party friends
79,Superbad,2007,7.6,Comedy,teenagers party friends school
80,Home Alone,1990,7.7,Comedy|Family|Adventure,kid burglars christmas house
81,Mrs. Doubtfire,1993,7.0,Comedy|Family|Drama,father disguise nanny divorce
82,The Pursuit of Happyness,2006,8.0,Drama|Biography,father struggle job son
83,A Beautiful Mind,2001,8.2,Drama|Biography,mathematician genius mind illness
84,The Social Network,2010,7.8,Drama|Biography,facebook startup friends lawsuit
85,Steve Jobs,2015,7.2,Drama|Biography,apple technology founder genius
86,The Imitation Game,2014,8.0,Drama|Biography|Thriller,code war enigma turing
87,Good Will Hunting,1997,8.3,Drama|Romance,genius janitor therapy mathematics
88,Dead Poets Society,1989,8.1,Drama,school teacher poetry students
89,Whiplash,2014,8.5,Drama|Music,drummer teacher obsession perfection
90,La La Land,2016,8.0,Romance|Drama|Musical,musician actress dreams love
91,The Prestige,2006,8.5,Mystery|Drama|Thriller,magicians rivalry twist trick
92,Memento,2000,8.4,Mystery|Thriller,memory loss revenge twist
93,Prisoners,2013,8.1,Thriller|Crime|Mystery,kidnap father detective
94,Zodiac,2007,7.7,Crime|Mystery|Thriller,serial killer journalist detective
95,A Quiet Place,2018,7.5,Horror|Sci-Fi|Thriller,silence monsters family survival
96,Get Out,2017,7.7,Horror|Mystery|Thriller,racism twist family hypnosis
97,The Exorcist,1973,8.1,Horror,possession demon priest girl
98,Stree,2018,7.5,Horror|Comedy,ghost town funny folklore
99,Bhool Bhulaiyaa,2007,7.3,Comedy|Horror|Mystery,haunted palace psychiatrist funny
100,Raazi,2018,7.8,Thriller|Drama|History,spy wife india pakistan war
101,Uri: The Surgical Strike,2019,8.2,Action|Drama|War,army surgical strike kashmir
102,Pathaan,2023,5.9,Action|Thriller|Adventure,spy agent mission india
103,RRR,2022,7.8,Action|Drama|History,freedom fighters friendship british
104,Pushpa: The Rise,2021,7.6,Action|Crime|Drama,smuggler sandalwood rise power
105,Vikram,2022,8.3,Action|Thriller|Crime,agent drugs revenge cop
106,Oppenheimer,2023,8.3,Biography|Drama|History,atomic bomb scientist war
107,Barbie,2023,6.8,Comedy|Fantasy|Adventure,doll world identity funny
108,Spider-Man: Into the Spider-Verse,2018,8.4,Animation|Action|Adventure,spiderman multiverse teenager marvel
109,Coco,2017,8.4,Animation|Family|Fantasy,music family afterlife mexico pixar
110,Up,2009,8.3,Animation|Adventure|Family,old man balloon adventure pixar
